{
  "s1": {"n_samples":4995,"n_features":2,"n_true_clusters":15,"som_grid":"8x8","som":{"fit_time_s":0.7309,"predict_time_s":0.000584,"n_neurons":64,"silhouette":0.388983,"davies_bouldin":0.852167,"calinski_harabasz":30830.937621,"dunn":0.006787},"kmeans":{"fit_time_s":0.0050,"predict_time_s":0.000100,"inertia":6364.4074,"silhouette":0.735693,"davies_bouldin":0.381374,"calinski_harabasz":37297.223857,"dunn":0.024643}},
  "s2": {"n_samples":4995,"n_features":2,"n_true_clusters":15,"som_grid":"8x8","som":{"fit_time_s":0.7098,"predict_time_s":0.000562,"n_neurons":64,"silhouette":0.391839,"davies_bouldin":0.813781,"calinski_harabasz":10840.541513,"dunn":0.006979},"kmeans":{"fit_time_s":0.0079,"predict_time_s":0.000122,"inertia":11290.6176,"silhouette":0.464331,"davies_bouldin":0.737188,"calinski_harabasz":10630.418791,"dunn":0.003842}},
  "s3": {"n_samples":4995,"n_features":2,"n_true_clusters":15,"som_grid":"8x8","som":{"fit_time_s":0.6216,"predict_time_s":0.000470,"n_neurons":64,"silhouette":0.407148,"davies_bouldin":0.767892,"calinski_harabasz":8204.235706,"dunn":0.009665},"kmeans":{"fit_time_s":0.0110,"predict_time_s":0.000131,"inertia":13932.4275,"silhouette":0.433151,"davies_bouldin":0.768809,"calinski_harabasz":7028.892473,"dunn":0.009322}},
  "s4": {"n_samples":4995,"n_features":2,"n_true_clusters":15,"som_grid":"8x8","som":{"fit_time_s":0.7157,"predict_time_s":0.000451,"n_neurons":64,"silhouette":0.411546,"davies_bouldin":0.769808,"calinski_harabasz":7443.919199,"dunn":0.010638},"kmeans":{"fit_time_s":0.0126,"predict_time_s":0.000139,"inertia":14976.2085,"silhouette":0.396395,"davies_bouldin":0.810137,"calinski_harabasz":5925.016947,"dunn":0.006585}},
  "a1": {"n_samples":3000,"n_features":2,"n_true_clusters":20,"som_grid":"9x9","som":{"fit_time_s":0.3349,"predict_time_s":0.000410,"n_neurons":81,"silhouette":0.415073,"davies_bouldin":0.869455,"calinski_harabasz":31915.166915,"dunn":0.005757},"kmeans":{"fit_time_s":0.0039,"predict_time_s":0.000067,"inertia":1680.8867,"silhouette":0.763900,"davies_bouldin":0.345351,"calinski_harabasz":40434.167537,"dunn":0.018179}},
  "a2": {"n_samples":5250,"n_features":2,"n_true_clusters":35,"som_grid":"12x12","som":{"fit_time_s":0.9763,"predict_time_s":0.001316,"n_neurons":144,"silhouette":0.400280,"davies_bouldin":0.781737,"calinski_harabasz":16572.462151,"dunn":0.009053},"kmeans":{"fit_time_s":0.0115,"predict_time_s":0.000206,"inertia":4365.2120,"silhouette":0.566052,"davies_bouldin":0.580238,"calinski_harabasz":15201.784336,"dunn":0.010914}},
  "a3": {"n_samples":7500,"n_features":2,"n_true_clusters":50,"som_grid":"15x15","som":{"fit_time_s":1.5818,"predict_time_s":0.002970,"n_neurons":225,"silhouette":0.422021,"davies_bouldin":0.751607,"calinski_harabasz":17200.004252,"dunn":0.010406},"kmeans":{"fit_time_s":0.0331,"predict_time_s":0.000378,"inertia":6521.5830,"silhouette":0.464777,"davies_bouldin":0.701606,"calinski_harabasz":13956.911152,"dunn":0.004241}},
  "moons": {"n_samples":300,"n_features":2,"n_true_clusters":2,"som_grid":"5x5","som":{"fit_time_s":0.0465,"predict_time_s":0.000022,"n_neurons":25,"silhouette":0.562385,"davies_bouldin":0.431158,"calinski_harabasz":4046.087922,"dunn":0.006655},"kmeans":{"fit_time_s":0.0001,"predict_time_s":0.000003,"inertia":9323.1144,"silhouette":0.665734,"davies_bouldin":0.530913,"calinski_harabasz":763.023045,"dunn":0.527593}},
  "circles": {"n_samples":300,"n_features":2,"n_true_clusters":2,"som_grid":"5x5","som":{"fit_time_s":0.0467,"predict_time_s":0.000014,"n_neurons":25,"silhouette":0.571557,"davies_bouldin":0.487717,"calinski_harabasz":3655.443909,"dunn":0.053445},"kmeans":{"fit_time_s":0.0001,"predict_time_s":0.000003,"inertia":2988.2840,"silhouette":0.756142,"davies_bouldin":0.378301,"calinski_harabasz":2066.681359,"dunn":1.378654}},
  "spiral": {"n_samples":300,"n_features":2,"n_true_clusters":3,"som_grid":"5x5","som":{"fit_time_s":0.0369,"predict_time_s":0.000018,"n_neurons":25,"silhouette":0.427830,"davies_bouldin":0.662790,"calinski_harabasz":451.401593,"dunn":0.066029},"kmeans":{"fit_time_s":0.0001,"predict_time_s":0.000003,"inertia":991.0958,"silhouette":0.428254,"davies_bouldin":0.808280,"calinski_harabasz":296.914055,"dunn":0.025303}},
  "anisotropic": {"n_samples":300,"n_features":2,"n_true_clusters":3,"som_grid":"5x5","som":{"fit_time_s":0.0378,"predict_time_s":0.000017,"n_neurons":25,"silhouette":0.524012,"davies_bouldin":0.525659,"calinski_harabasz":7096.217904,"dunn":0.041360},"kmeans":{"fit_time_s":0.0001,"predict_time_s":0.000004,"inertia":1992.3302,"silhouette":0.805421,"davies_bouldin":0.297992,"calinski_harabasz":2090.906252,"dunn":1.373966}},
  "varied_density": {"n_samples":1000,"n_features":2,"n_true_clusters":3,"som_grid":"5x5","som":{"fit_time_s":0.1444,"predict_time_s":0.000044,"n_neurons":25,"silhouette":0.521438,"davies_bouldin":0.679080,"calinski_harabasz":4046.900648,"dunn":0.021824},"kmeans":{"fit_time_s":0.0006,"predict_time_s":0.000012,"inertia":16185.1207,"silhouette":0.431660,"davies_bouldin":0.880004,"calinski_harabasz":1224.284698,"dunn":0.006919}},
  "iris": {"n_samples":150,"n_features":2,"n_true_clusters":3,"som_grid":"5x5","som":{"fit_time_s":0.0225,"predict_time_s":0.000012,"n_neurons":25,"silhouette":0.499064,"davies_bouldin":0.666928,"calinski_harabasz":2700.338796,"dunn":0.074125},"kmeans":{"fit_time_s":0.0001,"predict_time_s":0.000002,"inertia":762.7915,"silhouette":0.612667,"davies_bouldin":0.510444,"calinski_harabasz":884.839293,"dunn":0.055133}},
  "wine": {"n_samples":178,"n_features":2,"n_true_clusters":3,"som_grid":"5x5","som":{"fit_time_s":0.0293,"predict_time_s":0.000012,"n_neurons":25,"silhouette":0.358143,"davies_bouldin":0.853848,"calinski_harabasz":1268.951162,"dunn":0.063510},"kmeans":{"fit_time_s":0.0001,"predict_time_s":0.000002,"inertia":277.1463,"silhouette":0.711248,"davies_bouldin":0.411308,"calinski_harabasz":1475.322780,"dunn":0.072452}},
  "breast_cancer": {"n_samples":569,"n_features":2,"n_true_clusters":2,"som_grid":"6x6","som":{"fit_time_s":0.1145,"predict_time_s":0.000039,"n_neurons":36,"silhouette":0.400139,"davies_bouldin":0.771571,"calinski_harabasz":1149.491888,"dunn":0.027605},"kmeans":{"fit_time_s":0.0003,"predict_time_s":0.000006,"inertia":2024.9895,"silhouette":0.529124,"davies_bouldin":0.713890,"calinski_harabasz":922.326666,"dunn":0.016657}},
  "digits": {"n_samples":500,"n_features":2,"n_true_clusters":10,"som_grid":"8x8","som":{"fit_time_s":0.1303,"predict_time_s":0.000055,"n_neurons":64,"silhouette":0.384964,"davies_bouldin":0.800931,"calinski_harabasz":7696.389347,"dunn":0.025715},"kmeans":{"fit_time_s":0.0005,"predict_time_s":0.000010,"inertia":190.1332,"silhouette":0.687705,"davies_bouldin":0.433836,"calinski_harabasz":7521.257484,"dunn":0.050001}},
  "scale_1k": {"n_samples":1000,"n_features":2,"n_true_clusters":5,"som_grid":"10x10","som":{"fit_time_s":0.3268,"predict_time_s":0.000154,"n_neurons":100,"silhouette":0.455867,"davies_bouldin":0.737319,"calinski_harabasz":17357.653668,"dunn":0.041124},"kmeans":{"fit_time_s":0.0004,"predict_time_s":0.000016,"inertia":2244.2364,"silhouette":0.803849,"davies_bouldin":0.285233,"calinski_harabasz":12452.711287,"dunn":0.368593}},
  "scale_5k": {"n_samples":5000,"n_features":2,"n_true_clusters":5,"som_grid":"10x10","som":{"fit_time_s":0.7370,"predict_time_s":0.001098,"n_neurons":100,"silhouette":0.391111,"davies_bouldin":0.834659,"calinski_harabasz":24600.659105,"dunn":0.009951},"kmeans":{"fit_time_s":0.0024,"predict_time_s":0.000089,"inertia":29599.0167,"silhouette":0.722001,"davies_bouldin":0.392136,"calinski_harabasz":24374.842739,"dunn":0.042945}},
  "scale_10k": {"n_samples":10000,"n_features":2,"n_true_clusters":5,"som_grid":"10x10","som":{"fit_time_s":1.4355,"predict_time_s":0.001601,"n_neurons":100,"silhouette":null,"davies_bouldin":0.809817,"calinski_harabasz":36112.110682,"dunn":null},"kmeans":{"fit_time_s":0.0056,"predict_time_s":0.000185,"inertia":81085.7780,"silhouette":null,"davies_bouldin":0.463394,