{
  "s1": {
    "n_samples": 4995,
    "n_features": 2,
    "n_true_clusters": 15,
    "som_grid": "8x8",
    "som": {
      "fit_time_s": 0.7309,
      "predict_time_s": 0.000584,
      "n_neurons": 64,
      "silhouette": 0.388983,
      "davies_bouldin": 0.852167,
      "calinski_harabasz": 30830.937621,
      "dunn": 0.006787,
      "ari": 0.5835,
      "nmi": 0.844,
      "fmi": 0.6513,
      "v_measure": 0.844
    },
    "kmeans": {
      "fit_time_s": 0.005,
      "predict_time_s": 0.0001,
      "inertia": 6364.4074,
      "silhouette": 0.735693,
      "davies_bouldin": 0.381374,
      "calinski_harabasz": 37297.223857,
      "dunn": 0.024643,
      "ari": 0.9703,
      "nmi": 0.9726,
      "fmi": 0.9723,
      "v_measure": 0.9726
    }
  },
  "s2": {
    "n_samples": 4995,
    "n_features": 2,
    "n_true_clusters": 15,
    "som_grid": "8x8",
    "som": {
      "fit_time_s": 0.7098,
      "predict_time_s": 0.000562,
      "n_neurons": 64,
      "silhouette": 0.391839,
      "davies_bouldin": 0.813781,
      "calinski_harabasz": 10840.541513,
      "dunn": 0.006979,
      "ari": 0.298,
      "nmi": 0.6332,
      "fmi": 0.3778,
      "v_measure": 0.6332
    },
    "kmeans": {
      "fit_time_s": 0.0079,
      "predict_time_s": 0.000122,
      "inertia": 11290.6176,
      "silhouette": 0.464331,
      "davies_bouldin": 0.737188,
      "calinski_harabasz": 10630.418791,
      "dunn": 0.003842,
      "ari": 0.5919,
      "nmi": 0.7349,
      "fmi": 0.6193,
      "v_measure": 0.7349
    }
  },
  "s3": {
    "n_samples": 4995,
    "n_features": 2,
    "n_true_clusters": 15,
    "som_grid": "8x8",
    "som": {
      "fit_time_s": 0.6216,
      "predict_time_s": 0.00047,
      "n_neurons": 64,
      "silhouette": 0.407148,
      "davies_bouldin": 0.767892,
      "calinski_harabasz": 8204.235706,
      "dunn": 0.009665,
      "ari": 0.1618,
      "nmi": 0.4762,
      "fmi": 0.2269,
      "v_measure": 0.4762
    },
    "kmeans": {
      "fit_time_s": 0.011,
      "predict_time_s": 0.000131,
      "inertia": 13932.4275,
      "silhouette": 0.433151,
      "davies_bouldin": 0.768809,
      "calinski_harabasz": 7028.892473,
      "dunn": 0.009322,
      "ari": 0.3349,
      "nmi": 0.5296,
      "fmi": 0.3806,
      "v_measure": 0.5296
    }
  },
  "s4": {
    "n_samples": 4995,
    "n_features": 2,
    "n_true_clusters": 15,
    "som_grid": "8x8",
    "som": {
      "fit_time_s": 0.7157,
      "predict_time_s": 0.000451,
      "n_neurons": 64,
      "silhouette": 0.411546,
      "davies_bouldin": 0.769808,
      "calinski_harabasz": 7443.919199,
      "dunn": 0.010638,
      "ari": 0.0995,
      "nmi": 0.3613,
      "fmi": 0.1539,
      "v_measure": 0.3613
    },
    "kmeans": {
      "fit_time_s": 0.0126,
      "predict_time_s": 0.000139,
      "inertia": 14976.2085,
      "silhouette": 0.396395,
      "davies_bouldin": 0.810137,
      "calinski_harabasz": 5925.016947,
      "dunn": 0.006585,
      "ari": 0.2103,
      "nmi": 0.3983,
      "fmi": 0.2636,
      "v_measure": 0.3983
    }
  },
  "a1": {
    "n_samples": 3000,
    "n_features": 2,
    "n_true_clusters": 20,
    "som_grid": "9x9",
    "som": {
      "fit_time_s": 0.3349,
      "predict_time_s": 0.00041,
      "n_neurons": 81,
      "silhouette": 0.415073,
      "davies_bouldin": 0.869455,
      "calinski_harabasz": 31915.166915,
      "dunn": 0.005757,
      "ari": 0.7321,
      "nmi": 0.898,
      "fmi": 0.7655,
      "v_measure": 0.898
    },
    "kmeans": {
      "fit_time_s": 0.0039,
      "predict_time_s": 6.7e-05,
      "inertia": 1680.8867,
      "silhouette": 0.7639,
      "davies_bouldin": 0.345351,
      "calinski_harabasz": 40434.167537,
      "dunn": 0.018179,
      "ari": 0.9736,
      "nmi": 0.9782,
      "fmi": 0.9749,
      "v_measure": 0.9782
    }
  },
  "a2": {
    "n_samples": 5250,
    "n_features": 2,
    "n_true_clusters": 35,
    "som_grid": "12x12",
    "som": {
      "fit_time_s": 0.9763,
      "predict_time_s": 0.001316,
      "n_neurons": 144,
      "silhouette": 0.40028,
      "davies_bouldin": 0.781737,
      "calinski_harabasz": 16572.462151,
      "dunn": 0.009053,
      "ari": 0.4882,
      "nmi": 0.7983,
      "fmi": 0.5496,
      "v_measure": 0.7983
    },
    "kmeans": {
      "fit_time_s": 0.0115,
      "predict_time_s": 0.000206,
      "inertia": 4365.212,
      "silhouette": 0.566052,
      "davies_bouldin": 0.580238,
      "calinski_harabasz": 15201.784336,
      "dunn": 0.010914,
      "ari": 0.7576,
      "nmi": 0.8685,
      "fmi": 0.765,
      "v_measure": 0.8685
    }
  },
  "a3": {
    "n_samples": 7500,
    "n_features": 2,
    "n_true_clusters": 50,
    "som_grid": "15x15",
    "som": {
      "fit_time_s": 1.5818,
      "predict_time_s": 0.00297,
      "n_neurons": 225,
      "silhouette": 0.422021,
      "davies_bouldin": 0.751607,
      "calinski_harabasz": 17200.004252,
      "dunn": 0.010406,
      "ari": 0.3018,
      "nmi": 0.7244,
      "fmi": 0.3707,
      "v_measure": 0.7244
    },
    "kmeans": {
      "fit_time_s": 0.0331,
      "predict_time_s": 0.000378,
      "inertia": 6521.583,
      "silhouette": 0.464777,
      "davies_bouldin": 0.701606,
      "calinski_harabasz": 13956.911152,
      "dunn": 0.004241,
      "ari": 0.5525,
      "nmi": 0.7805,
      "fmi": 0.5621,
      "v_measure": 0.7805
    }
  },
  "moons": {
    "n_samples": 300,
    "n_features": 2,
    "n_true_clusters": 2,
    "som_grid": "5x5",
    "som": {
      "fit_time_s": 0.0465,
      "predict_time_s": 2.2e-05,
      "n_neurons": 25,
      "silhouette": 0.562385,
      "davies_bouldin": 0.431158,
      "calinski_harabasz": 4046.087922,
      "dunn": 0.006655,
      "ari": 0.1383,
      "nmi": 0.4068,
      "fmi": 0.3714,
      "v_measure": 0.4068
    },
    "kmeans": {
      "fit_time_s": 0.0001,
      "predict_time_s": 3e-06,
      "inertia": 9323.1144,
      "silhouette": 0.665734,
      "davies_bouldin": 0.530913,
      "calinski_harabasz": 763.023045,
      "dunn": 0.527593,
      "ari": 1.0,
      "nmi": 1.0,
      "fmi": 1.0,
      "v_measure": 1.0
    }
  },
  "circles": {
    "n_samples": 300,
    "n_features": 2,
    "n_true_clusters": 2,
    "som_grid": "5x5",
    "som": {
      "fit_time_s": 0.0467,
      "predict_time_s": 1.4e-05,
      "n_neurons": 25,
      "silhouette": 0.571557,
      "davies_bouldin": 0.487717,
      "calinski_harabasz": 3655.443909,
      "dunn": 0.053445,
      "ari": 0.1239,
      "nmi": 0.402,
      "fmi": 0.3515,
      "v_measure": 0.402
    },
    "kmeans": {
      "fit_time_s": 0.0001,
      "predict_time_s": 3e-06,
      "inertia": 2988.284,
      "silhouette": 0.756142,
      "davies_bouldin": 0.378301,
      "calinski_harabasz": 2066.681359,
      "dunn": 1.378654,
      "ari": 1.0,
      "nmi": 1.0,
      "fmi": 1.0,
      "v_measure": 1.0
    }
  },
  "spiral": {
    "n_samples": 300,
    "n_features": 2,
    "n_true_clusters": 3,
    "som_grid": "5x5",
    "som": {
      "fit_time_s": 0.0369,
      "predict_time_s": 1.8e-05,
      "n_neurons": 25,
      "silhouette": 0.42783,
      "davies_bouldin": 0.66279,
      "calinski_harabasz": 451.401593,
      "dunn": 0.066029,
      "ari": 0.0235,
      "nmi": 0.1355,
      "fmi": 0.1545,
      "v_measure": 0.1355
    },
    "kmeans": {
      "fit_time_s": 0.0001,
      "predict_time_s": 3e-06,
      "inertia": 991.0958,
      "silhouette": 0.428254,
      "davies_bouldin": 0.80828,
      "calinski_harabasz": 296.914055,
      "dunn": 0.025303,
      "ari": 0.0178,
      "nmi": 0.0213,
      "fmi": 0.3443,
      "v_measure": 0.0213
    }
  },
  "anisotropic": {
    "n_samples": 300,
    "n_features": 2,
    "n_true_clusters": 3,
    "som_grid": "5x5",
    "som": {
      "fit_time_s": 0.0378,
      "predict_time_s": 1.7e-05,
      "n_neurons": 25,
      "silhouette": 0.524012,
      "davies_bouldin": 0.525659,
      "calinski_harabasz": 7096.217904,
      "dunn": 0.04136,
      "ari": 0.2513,
      "nmi": 0.5741,
      "fmi": 0.4478,
      "v_measure": 0.5741
    },