{
  "s1": {
    "n_samples": 4995,
    "n_features": 2,
    "n_true_clusters": 15,
    "som_grid": "8x8",
    "som": {
      "fit_time_s": 0.9245,
      "predict_time_s": 0.000557,
      "n_neurons": 64,
      "silhouette": 0.283216,
      "davies_bouldin": 0.973303,
      "calinski_harabasz": 10796.341358,
      "dunn": 0.005622,
      "ari": 0.4998,
      "nmi": 0.8118,
      "fmi": 0.5879,
      "v_measure": 0.8118
    },
    "kmeans": {
      "fit_time_s": 0.0052,
      "predict_time_s": 0.000114,
      "inertia": 168.3401,
      "silhouette": 0.632107,
      "davies_bouldin": 0.470282,
      "calinski_harabasz": 20753.851237,
      "dunn": 0.011121,
      "ari": 0.9762,
      "nmi": 0.9764,
      "fmi": 0.9778,
      "v_measure": 0.9764
    }
  },
  "s2": {
    "n_samples": 4995,
    "n_features": 2,
    "n_true_clusters": 15,
    "som_grid": "8x8",
    "som": {
      "fit_time_s": 0.9283,
      "predict_time_s": 0.001345,
      "n_neurons": 64,
      "silhouette": 0.304085,
      "davies_bouldin": 0.901111,
      "calinski_harabasz": 4430.640742,
      "dunn": 0.003935,
      "ari": 0.2502,
      "nmi": 0.617,
      "fmi": 0.3352,
      "v_measure": 0.617
    },
    "kmeans": {
      "fit_time_s": 0.0307,
      "predict_time_s": 0.000349,
      "inertia": 592.8859,
      "silhouette": 0.362719,
      "davies_bouldin": 0.884844,
      "calinski_harabasz": 5637.995012,
      "dunn": 0.00634,
      "ari": 0.5784,
      "nmi": 0.7352,
      "fmi": 0.6071,
      "v_measure": 0.7352
    }
  },
  "s3": {
    "n_samples": 4995,
    "n_features": 2,
    "n_true_clusters": 15,
    "som_grid": "8x8",
    "som": {
      "fit_time_s": 0.8163,
      "predict_time_s": 0.000539,
      "n_neurons": 64,
      "silhouette": 0.295423,
      "davies_bouldin": 0.900346,
      "calinski_harabasz": 3450.658244,
      "dunn": 0.003925,
      "ari": 0.1373,
      "nmi": 0.4744,
      "fmi": 0.2021,
      "v_measure": 0.4744
    },
    "kmeans": {
      "fit_time_s": 0.0278,
      "predict_time_s": 0.000269,
      "inertia": 813.5021,
      "silhouette": 0.330142,
      "davies_bouldin": 0.850117,
      "calinski_harabasz": 4012.542146,
      "dunn": 0.004326,
      "ari": 0.3105,
      "nmi": 0.5281,
      "fmi": 0.3567,
      "v_measure": 0.5281
    }
  },
  "s4": {
    "n_samples": 4995,
    "n_features": 2,
    "n_true_clusters": 15,
    "som_grid": "8x8",
    "som": {
      "fit_time_s": 0.836,
      "predict_time_s": 0.001047,
      "n_neurons": 64,
      "silhouette": 0.28527,
      "davies_bouldin": 0.904272,
      "calinski_harabasz": 2913.537602,
      "dunn": 0.005387,
      "ari": 0.0829,
      "nmi": 0.358,
      "fmi": 0.1348,
      "v_measure": 0.358
    },
    "kmeans": {
      "fit_time_s": 0.0274,
      "predict_time_s": 0.000186,
      "inertia": 911.2873,
      "silhouette": 0.323759,
      "davies_bouldin": 0.837075,
      "calinski_harabasz": 3543.808817,
      "dunn": 0.003235,
      "ari": 0.1886,
      "nmi": 0.3973,
      "fmi": 0.2436,
      "v_measure": 0.3973
    }
  },
  "a1": {
    "n_samples": 3000,
    "n_features": 2,
    "n_true_clusters": 20,
    "som_grid": "9x9",
    "som": {
      "fit_time_s": 0.4825,
      "predict_time_s": 0.029087,
      "n_neurons": 81,
      "silhouette": 0.284498,
      "davies_bouldin": 1.031749,
      "calinski_harabasz": 4441.981933,
      "dunn": 0.010946,
      "ari": 0.5366,
      "nmi": 0.8159,
      "fmi": 0.6113,
      "v_measure": 0.8159
    },
    "kmeans": {
      "fit_time_s": 0.0047,
      "predict_time_s": 8.2e-05,
      "inertia": 107.6896,
      "silhouette": 0.61841,
      "davies_bouldin": 0.482489,
      "calinski_harabasz": 8581.726484,
      "dunn": 0.038065,
      "ari": 0.977,
      "nmi": 0.98,
      "fmi": 0.9781,
      "v_measure": 0.98
    }
  },
  "a2": {
    "n_samples": 5250,
    "n_features": 2,
    "n_true_clusters": 35,
    "som_grid": "12x12",
    "som": {
      "fit_time_s": 1.3968,
      "predict_time_s": 0.001578,
      "n_neurons": 144,
      "silhouette": 0.304167,
      "davies_bouldin": 0.92092,
      "calinski_harabasz": 5607.010712,
      "dunn": 0.007923,
      "ari": 0.3582,
      "nmi": 0.7685,
      "fmi": 0.4475,
      "v_measure": 0.7685
    },
    "kmeans": {
      "fit_time_s": 0.0212,
      "predict_time_s": 0.000276,
      "inertia": 216.6403,
      "silhouette": 0.44597,
      "davies_bouldin": 0.665987,
      "calinski_harabasz": 7280.666458,
      "dunn": 0.016537,
      "ari": 0.8001,
      "nmi": 0.882,
      "fmi": 0.8058,
      "v_measure": 0.882
    }
  },
  "a3": {
    "n_samples": 7500,
    "n_features": 2,
    "n_true_clusters": 50,
    "som_grid": "15x15",
    "som": {
      "fit_time_s": 2.4956,
      "predict_time_s": 0.003945,
      "n_neurons": 225,
      "silhouette": 0.300806,
      "davies_bouldin": 0.879023,
      "calinski_harabasz": 6922.190441,
      "dunn": 0.008852,
      "ari": 0.248,
      "nmi": 0.7136,
      "fmi": 0.3248,
      "v_measure": 0.7136
    },
    "kmeans": {
      "fit_time_s": 0.0592,
      "predict_time_s": 0.000428,
      "inertia": 273.5047,
      "silhouette": 0.357659,
      "davies_bouldin": 0.805305,
      "calinski_harabasz": 8186.434613,
      "dunn": 0.008103,
      "ari": 0.579,
      "nmi": 0.7907,
      "fmi": 0.5876,
      "v_measure": 0.7907
    }
  },
  "moons": {
    "n_samples": 300,
    "n_features": 2,
    "n_true_clusters": 2,
    "som_grid": "5x5",
    "som": {
      "fit_time_s": 0.0852,
      "predict_time_s": 3.7e-05,
      "n_neurons": 25,
      "silhouette": 0.388344,
      "davies_bouldin": 0.67998,
      "calinski_harabasz": 648.159467,
      "dunn": 0.052569,
      "ari": 0.0961,
      "nmi": 0.371,
      "fmi": 0.3096,
      "v_measure": 0.371
    },
    "kmeans": {
      "fit_time_s": 0.0001,
      "predict_time_s": 4e-06,
      "inertia": 250.9258,
      "silhouette": 0.49363,
      "davies_bouldin": 0.805568,
      "calinski_harabasz": 414.561161,
      "dunn": 0.042859,
      "ari": 0.479,
      "nmi": 0.3819,
      "fmi": 0.7386,
      "v_measure": 0.3819
    }
  },
  "circles": {
    "n_samples": 300,
    "n_features": 2,
    "n_true_clusters": 2,
    "som_grid": "5x5",
    "som": {
      "fit_time_s": 0.1965,
      "predict_time_s": 2.1e-05,
      "n_neurons": 25,
      "silhouette": 0.45535,
      "davies_bouldin": 0.583676,
      "calinski_harabasz": 553.786047,
      "dunn": 0.064947,
      "ari": 0.0907,
      "nmi": 0.3651,
      "fmi": 0.3006,
      "v_measure": 0.3651
    },
    "kmeans": {
      "fit_time_s": 0.0001,
      "predict_time_s": 4e-06,
      "inertia": 395.0184,
      "silhouette": 0.322394,
      "davies_bouldin": 1.237461,
      "calinski_harabasz": 154.637091,
      "dunn": 0.015685,
      "ari": -0.0032,
      "nmi": 0.0001,
      "fmi": 0.4968,
      "v_measure": 0.0001
    }
  },
  "spiral": {
    "n_samples": 300,
    "n_features": 2,
    "n_true_clusters": 3,
    "som_grid": "5x5",
    "som": {
      "fit_time_s": 0.0296,
      "predict_time_s": 2.8e-05,
      "n_neurons": 25,
      "silhouette": 0.249143,
      "davies_bouldin": 1.028027,
      "calinski_harabasz": 159.004344,
      "dunn": 0.022427,
      "ari": 0.0358,
      "nmi": 0.1767,
      "fmi": 0.1691,
      "v_measure": 0.1767
    },
    "kmeans": {
      "fit_time_s": 0.0002,
      "predict_time_s": 3e-06,
      "inertia": 278.4976,
      "silhouette": 0.303145,
      "davies_bouldin": 1.01515,
      "calinski_harabasz": 171.430951,
      "dunn": 0.022946,
      "ari": 0.0184,
      "nmi": 0.0232,
      "fmi": 0.3445,
      "v_measure": 0.0232
    }
  },
  "anisotropic": {
    "n_samples": 300,
    "n_features": 2,
    "n_true_clusters": 3,
    "som_grid": "5x5",
    "som": {
      "fit_time_s": 0.0314,
      "predict_time_s": 1.9e-05,
      "n_neurons": 25,
      "silhouette": 0.327595,
      "davies_bouldin": 0.848715,
      "calinski_harabasz": 2999.453183,
      "dunn": 0.015339,
      "ari": 0.2367,
      "nmi": 0.5637,
      "fmi": 0.4338,
      "v_measure": 0.5637
    },