{
  "s1": {
    "n_samples": 4995,
    "n_features": 2,
    "n_true_clusters": 15,
    "som_grid": "8x8",
    "som": {
      "fit_time_s": 0.553,
      "predict_time_s": 0.000536,
      "n_neurons": 64,
      "silhouette": 0.289378,
      "davies_bouldin": 0.946534,
      "calinski_harabasz": 11392.050958,
      "dunn": 0.004449,
      "ari": 0.4792,
      "nmi": 0.8054,
      "fmi": 0.5707,
      "v_measure": 0.8054
    },
    "kmeans": {
      "fit_time_s": 0.0051,
      "predict_time_s": 0.000114,
      "inertia": 168.3401,
      "silhouette": 0.632107,
      "davies_bouldin": 0.470282,
      "calinski_harabasz": 20753.851237,
      "dunn": 0.011121,
      "ari": 0.9762,
      "nmi": 0.9764,
      "fmi": 0.9778,
      "v_measure": 0.9764
    }
  },
  "s2": {
    "n_samples": 4995,
    "n_features": 2,
    "n_true_clusters": 15,
    "som_grid": "8x8",
    "som": {
      "fit_time_s": 0.5325,
      "predict_time_s": 0.000443,
      "n_neurons": 64,
      "silhouette": 0.304781,
      "davies_bouldin": 0.90601,
      "calinski_harabasz": 4422.886274,
      "dunn": 0.006547,
      "ari": 0.2495,
      "nmi": 0.6172,
      "fmi": 0.3344,
      "v_measure": 0.6172
    },
    "kmeans": {
      "fit_time_s": 0.0117,
      "predict_time_s": 0.00013,
      "inertia": 592.8859,
      "silhouette": 0.362719,
      "davies_bouldin": 0.884844,
      "calinski_harabasz": 5637.995012,
      "dunn": 0.00634,
      "ari": 0.5784,
      "nmi": 0.7352,
      "fmi": 0.6071,
      "v_measure": 0.7352
    }
  },
  "s3": {
    "n_samples": 4995,
    "n_features": 2,
    "n_true_clusters": 15,
    "som_grid": "8x8",
    "som": {
      "fit_time_s": 0.5188,
      "predict_time_s": 0.000436,
      "n_neurons": 64,
      "silhouette": 0.293092,
      "davies_bouldin": 0.895528,
      "calinski_harabasz": 3432.741189,
      "dunn": 0.003656,
      "ari": 0.1368,
      "nmi": 0.474,
      "fmi": 0.2017,
      "v_measure": 0.474
    },
    "kmeans": {
      "fit_time_s": 0.0207,
      "predict_time_s": 0.000136,
      "inertia": 813.5021,
      "silhouette": 0.330142,
      "davies_bouldin": 0.850117,
      "calinski_harabasz": 4012.542146,
      "dunn": 0.004326,
      "ari": 0.3105,
      "nmi": 0.5281,
      "fmi": 0.3567,
      "v_measure": 0.5281
    }
  },
  "s4": {
    "n_samples": 4995,
    "n_features": 2,
    "n_true_clusters": 15,
    "som_grid": "8x8",
    "som": {
      "fit_time_s": 0.5004,
      "predict_time_s": 0.000508,
      "n_neurons": 64,
      "silhouette": 0.291829,
      "davies_bouldin": 0.902112,
      "calinski_harabasz": 2952.877479,
      "dunn": 0.005627,
      "ari": 0.0829,
      "nmi": 0.3586,
      "fmi": 0.1348,
      "v_measure": 0.3586
    },
    "kmeans": {
      "fit_time_s": 0.0237,
      "predict_time_s": 0.000143,
      "inertia": 911.2873,
      "silhouette": 0.323759,
      "davies_bouldin": 0.837075,
      "calinski_harabasz": 3543.808817,
      "dunn": 0.003235,
      "ari": 0.1886,
      "nmi": 0.3973,
      "fmi": 0.2436,
      "v_measure": 0.3973
    }
  },
  "a1": {
    "n_samples": 3000,
    "n_features": 2,
    "n_true_clusters": 20,
    "som_grid": "9x9",
    "som": {
      "fit_time_s": 0.3328,
      "predict_time_s": 0.000368,
      "n_neurons": 81,
      "silhouette": 0.29411,
      "davies_bouldin": 1.052586,
      "calinski_harabasz": 4515.92383,
      "dunn": 0.00494,
      "ari": 0.5228,
      "nmi": 0.8139,
      "fmi": 0.6004,
      "v_measure": 0.8139
    },
    "kmeans": {
      "fit_time_s": 0.0035,
      "predict_time_s": 7.6e-05,
      "inertia": 107.6896,
      "silhouette": 0.61841,
      "davies_bouldin": 0.482489,
      "calinski_harabasz": 8581.726484,
      "dunn": 0.038065,
      "ari": 0.977,
      "nmi": 0.98,
      "fmi": 0.9781,
      "v_measure": 0.98
    }
  },
  "a2": {
    "n_samples": 5250,
    "n_features": 2,
    "n_true_clusters": 35,
    "som_grid": "12x12",
    "som": {
      "fit_time_s": 0.7278,
      "predict_time_s": 0.001344,
      "n_neurons": 144,
      "silhouette": 0.304362,
      "davies_bouldin": 0.926212,
      "calinski_harabasz": 5609.405352,
      "dunn": 0.011707,
      "ari": 0.3591,
      "nmi": 0.77,
      "fmi": 0.4486,
      "v_measure": 0.77
    },
    "kmeans": {
      "fit_time_s": 0.0142,
      "predict_time_s": 0.000236,
      "inertia": 216.6403,
      "silhouette": 0.44597,
      "davies_bouldin": 0.665987,
      "calinski_harabasz": 7280.666458,
      "dunn": 0.016537,
      "ari": 0.8001,
      "nmi": 0.882,
      "fmi": 0.8058,
      "v_measure": 0.882
    }
  },
  "a3": {
    "n_samples": 7500,
    "n_features": 2,
    "n_true_clusters": 50,
    "som_grid": "15x15",
    "som": {
      "fit_time_s": 1.3152,
      "predict_time_s": 0.003024,
      "n_neurons": 225,
      "silhouette": 0.30234,
      "davies_bouldin": 0.873084,
      "calinski_harabasz": 6919.047628,
      "dunn": 0.00682,
      "ari": 0.2488,
      "nmi": 0.7125,
      "fmi": 0.3253,
      "v_measure": 0.7125
    },
    "kmeans": {
      "fit_time_s": 0.0525,
      "predict_time_s": 0.000387,
      "inertia": 273.5047,
      "silhouette": 0.357659,
      "davies_bouldin": 0.805305,
      "calinski_harabasz": 8186.434613,
      "dunn": 0.008103,
      "ari": 0.579,
      "nmi": 0.7907,
      "fmi": 0.5876,
      "v_measure": 0.7907
    }
  },
  "moons": {
    "n_samples": 300,
    "n_features": 2,
    "n_true_clusters": 2,
    "som_grid": "5x5",
    "som": {
      "fit_time_s": 0.0337,
      "predict_time_s": 2.4e-05,
      "n_neurons": 25,
      "silhouette": 0.351072,
      "davies_bouldin": 0.753736,
      "calinski_harabasz": 571.439361,
      "dunn": 0.010359,
      "ari": 0.1012,
      "nmi": 0.3747,
      "fmi": 0.3177,
      "v_measure": 0.3747
    },
    "kmeans": {
      "fit_time_s": 0.0001,
      "predict_time_s": 3e-06,
      "inertia": 250.9258,
      "silhouette": 0.49363,
      "davies_bouldin": 0.805568,
      "calinski_harabasz": 414.561161,
      "dunn": 0.042859,
      "ari": 0.479,
      "nmi": 0.3819,
      "fmi": 0.7386,
      "v_measure": 0.3819
    }
  },
  "circles": {
    "n_samples": 300,
    "n_features": 2,
    "n_true_clusters": 2,
    "som_grid": "5x5",
    "som": {
      "fit_time_s": 0.0342,
      "predict_time_s": 1.9e-05,
      "n_neurons": 25,
      "silhouette": 0.433963,
      "davies_bouldin": 0.610773,
      "calinski_harabasz": 500.238765,
      "dunn": 0.077294,
      "ari": 0.0888,
      "nmi": 0.3596,
      "fmi": 0.2976,
      "v_measure": 0.3596
    },
    "kmeans": {
      "fit_time_s": 0.0001,
      "predict_time_s": 3e-06,
      "inertia": 395.0184,
      "silhouette": 0.322394,
      "davies_bouldin": 1.237461,
      "calinski_harabasz": 154.637091,
      "dunn": 0.015685,
      "ari": -0.0032,
      "nmi": 0.0001,
      "fmi": 0.4968,
      "v_measure": 0.0001
    }
  },
  "spiral": {
    "n_samples": 300,
    "n_features": 2,
    "n_true_clusters": 3,
    "som_grid": "5x5",
    "som": {
      "fit_time_s": 0.0341,
      "predict_time_s": 1.3e-05,
      "n_neurons": 25,
      "silhouette": 0.279978,
      "davies_bouldin": 0.950228,
      "calinski_harabasz": 176.718284,
      "dunn": 0.025053,
      "ari": 0.0335,
      "nmi": 0.1824,
      "fmi": 0.1669,
      "v_measure": 0.1824
    },
    "kmeans": {
      "fit_time_s": 0.0001,
      "predict_time_s": 3e-06,
      "inertia": 278.4976,
      "silhouette": 0.303145,
      "davies_bouldin": 1.01515,
      "calinski_harabasz": 171.430951,
      "dunn": 0.022946,
      "ari": 0.0184,
      "nmi": 0.0232,
      "fmi": 0.3445,
      "v_measure": 0.0232
    }
  },
  "anisotropic": {
    "n_samples": 300,
    "n_features": 2,
    "n_true_clusters": 3,
    "som_grid": "5x5",
    "som": {
      "fit_time_s": 0.0371,
      "predict_time_s": 2.2e-05,
      "n_neurons": 25,
      "silhouette": 0.342245,
      "davies_bouldin": 0.833368,
      "calinski_harabasz": 3362.10155,
      "dunn": 0.035377,
      "ari": 0.2405,
      "nmi": 0.5623,
      "fmi": 0.4375,
      "v_measure": 0.5623
    },