{
  "s1": {"n_samples":4995,"n_features":2,"n_true_clusters":15,"som_grid":"8x8","som":{"fit_time_s":0.9245,"predict_time_s":0.000557,"n_neurons":64,"silhouette":0.283216,"davies_bouldin":0.973303,"calinski_harabasz":10796.341358,"dunn":0.005622},"kmeans":{"fit_time_s":0.0052,"predict_time_s":0.000114,"inertia":168.3401,"silhouette":0.632107,"davies_bouldin":0.470282,"calinski_harabasz":20753.851237,"dunn":0.011121}},
  "s2": {"n_samples":4995,"n_features":2,"n_true_clusters":15,"som_grid":"8x8","som":{"fit_time_s":0.9283,"predict_time_s":0.001345,"n_neurons":64,"silhouette":0.304085,"davies_bouldin":0.901111,"calinski_harabasz":4430.640742,"dunn":0.003935},"kmeans":{"fit_time_s":0.0307,"predict_time_s":0.000349,"inertia":592.8859,"silhouette":0.362719,"davies_bouldin":0.884844,"calinski_harabasz":5637.995012,"dunn":0.006340}},
  "s3": {"n_samples":4995,"n_features":2,"n_true_clusters":15,"som_grid":"8x8","som":{"fit_time_s":0.8163,"predict_time_s":0.000539,"n_neurons":64,"silhouette":0.295423,"davies_bouldin":0.900346,"calinski_harabasz":3450.658244,"dunn":0.003925},"kmeans":{"fit_time_s":0.0278,"predict_time_s":0.000269,"inertia":813.5021,"silhouette":0.330142,"davies_bouldin":0.850117,"calinski_harabasz":4012.542146,"dunn":0.004326}},
  "s4": {"n_samples":4995,"n_features":2,"n_true_clusters":15,"som_grid":"8x8","som":{"fit_time_s":0.8360,"predict_time_s":0.001047,"n_neurons":64,"silhouette":0.285270,"davies_bouldin":0.904272,"calinski_harabasz":2913.537602,"dunn":0.005387},"kmeans":{"fit_time_s":0.0274,"predict_time_s":0.000186,"inertia":911.2873,"silhouette":0.323759,"davies_bouldin":0.837075,"calinski_harabasz":3543.808817,"dunn":0.003235}},
  "a1": {"n_samples":3000,"n_features":2,"n_true_clusters":20,"som_grid":"9x9","som":{"fit_time_s":0.4825,"predict_time_s":0.029087,"n_neurons":81,"silhouette":0.284498,"davies_bouldin":1.031749,"calinski_harabasz":4441.981933,"dunn":0.010946},"kmeans":{"fit_time_s":0.0047,"predict_time_s":0.000082,"inertia":107.6896,"silhouette":0.618410,"davies_bouldin":0.482489,"calinski_harabasz":8581.726484,"dunn":0.038065}},
  "a2": {"n_samples":5250,"n_features":2,"n_true_clusters":35,"som_grid":"12x12","som":{"fit_time_s":1.3968,"predict_time_s":0.001578,"n_neurons":144,"silhouette":0.304167,"davies_bouldin":0.920920,"calinski_harabasz":5607.010712,"dunn":0.007923},"kmeans":{"fit_time_s":0.0212,"predict_time_s":0.000276,"inertia":216.6403,"silhouette":0.445970,"davies_bouldin":0.665987,"calinski_harabasz":7280.666458,"dunn":0.016537}},
  "a3": {"n_samples":7500,"n_features":2,"n_true_clusters":50,"som_grid":"15x15","som":{"fit_time_s":2.4956,"predict_time_s":0.003945,"n_neurons":225,"silhouette":0.300806,"davies_bouldin":0.879023,"calinski_harabasz":6922.190441,"dunn":0.008852},"kmeans":{"fit_time_s":0.0592,"predict_time_s":0.000428,"inertia":273.5047,"silhouette":0.357659,"davies_bouldin":0.805305,"calinski_harabasz":8186.434613,"dunn":0.008103}},
  "moons": {"n_samples":300,"n_features":2,"n_true_clusters":2,"som_grid":"5x5","som":{"fit_time_s":0.0852,"predict_time_s":0.000037,"n_neurons":25,"silhouette":0.388344,"davies_bouldin":0.679980,"calinski_harabasz":648.159467,"dunn":0.052569},"kmeans":{"fit_time_s":0.0001,"predict_time_s":0.000004,"inertia":250.9258,"silhouette":0.493630,"davies_bouldin":0.805568,"calinski_harabasz":414.561161,"dunn":0.042859}},
  "circles": {"n_samples":300,"n_features":2,"n_true_clusters":2,"som_grid":"5x5","som":{"fit_time_s":0.1965,"predict_time_s":0.000021,"n_neurons":25,"silhouette":0.455350,"davies_bouldin":0.583676,"calinski_harabasz":553.786047,"dunn":0.064947},"kmeans":{"fit_time_s":0.0001,"predict_time_s":0.000004,"inertia":395.0184,"silhouette":0.322394,"davies_bouldin":1.237461,"calinski_harabasz":154.637091,"dunn":0.015685}},
  "spiral": {"n_samples":300,"n_features":2,"n_true_clusters":3,"som_grid":"5x5","som":{"fit_time_s":0.0296,"predict_time_s":0.000028,"n_neurons":25,"silhouette":0.249143,"davies_bouldin":1.028027,"calinski_harabasz":159.004344,"dunn":0.022427},"kmeans":{"fit_time_s":0.0002,"predict_time_s":0.000003,"inertia":278.4976,"silhouette":0.303145,"davies_bouldin":1.015150,"calinski_harabasz":171.430951,"dunn":0.022946}},
  "anisotropic": {"n_samples":300,"n_features":2,"n_true_clusters":3,"som_grid":"5x5","som":{"fit_time_s":0.0314,"predict_time_s":0.000019,"n_neurons":25,"silhouette":0.327595,"davies_bouldin":0.848715,"calinski_harabasz":2999.453183,"dunn":0.015339},"kmeans":{"fit_time_s":0.0001,"predict_time_s":0.000004,"inertia":27.4538,"silhouette":0.739880,"davies_bouldin":0.374972,"calinski_harabasz":3096.949054,"dunn":0.300689}},
  "varied_density": {"n_samples":1000,"n_features":2,"n_true_clusters":3,"som_grid":"5x5","som":{"fit_time_s":0.1166,"predict_time_s":0.000059,"n_neurons":25,"silhouette":0.347150,"davies_bouldin":0.898536,"calinski_harabasz":875.885727,"dunn":0.010796},"kmeans":{"fit_time_s":0.0005,"predict_time_s":0.000011,"inertia":680.6695,"silhouette":0.452888,"davies_bouldin":0.749651,"calinski_harabasz":966.234399,"dunn":0.010587}},
  "iris": {"n_samples":150,"n_features":4,"n_true_clusters":3,"som_grid":"5x5","som":{"fit_time_s":0.0147,"predict_time_s":0.000017,"n_neurons":25,"silhouette":0.217842,"davies_bouldin":1.070949,"calinski_harabasz":93.799671,"dunn":0.047538},"kmeans":{"fit_time_s":0.0001,"predict_time_s":0.000002,"inertia":140.9015,"silhouette":0.456535,"davies_bouldin":0.827512,"calinski_harabasz":239.484532,"dunn":0.077878}},
  "wine": {"n_samples":178,"n_features":13,"n_true_clusters":3,"som_grid":"5x5","som":{"fit_time_s":0.0190,"predict_time_s":0.000028,"n_neurons":25,"silhouette":0.057715,"davies_bouldin":1.936357,"calinski_harabasz":15.651641,"dunn":0.210392},"kmeans":{"fit_time_s":0.0002,"predict_time_s":0.000003,"inertia":1279.9662,"silhouette":0.284421,"davies_bouldin":1.393801,"calinski_harabasz":70.687777,"dunn":0.176897}},
  "breast_cancer": {"n_samples":569,"n_features":30,"n_true_clusters":2,"som_grid":"6x6","som":{"fit_time_s":0.2520,"predict_time_s":0.000093,"n_neurons":36,"silhouette":0.027249,"davies_bouldin":2.114148,"calinski_harabasz":35.748174,"dunn":0.069371},"kmeans":{"fit_time_s":0.0005,"predict_time_s":0.000014,"inertia":11595.6833,"silhouette":0.344734,"davies_bouldin":1.309289,"calinski_harabasz":267.680436,"dunn":0.060763}},
  "digits": {"n_samples":500,"n_features":64,"n_true_clusters":10,"som_grid":"8x8","som":{"fit_time_s":0.1289,"predict_time_s":0.000159,"n_neurons":64,"silhouette":0.076219,"davies_bouldin":1.758517,"calinski_harabasz":15.600001,"dunn":0.100972},"kmeans":{"fit_time_s":0.0021,"predict_time_s":0.000041,"inertia":17428.1518,"silhouette":0.145809,"davies_bouldin":1.417018,"calinski_harabasz":33.025785,"dunn":0.153236}},
  "scale_1k": {"n_samples":1000,"n_features":2,"n_true_clusters":5,"som_grid":"10x10","som":{"fit_time_s":0.4350,"predict_time_s":0.000204,"n_neurons":100,"silhouette":0.263400,"davies_bouldin":0.940141,"calinski_harabasz":4991.921607,"dunn":0.016257},"kmeans":{"fit_time_s":0.0006,"predict_time_s":0.000018,"inertia":42.5246,"silhouette":0.735256,"davies_bouldin":0.366845,"calinski_harabasz":11450.364100,"dunn":0.039291}},
  "scale_5k": {"n_samples":5000,"n_features":2,"n_true_clusters":5,"som_grid":"10x10","som":{"fit_time_s":1.1626,"predict_time_s":0.002144,"n_neurons":100,"silhouette":0.273840,"davies_bouldin":0.929047,"calinski_harabasz":22858.121167,"dunn":0.002065},"kmeans":{"fit_time_s":0.0028,"predict_time_s":0.000093,"inertia":219.3631,"silhouette":0.729824,"davies_bouldin":0.376705,"calinski_harabasz":55677.406283,"dunn":0.012600}},
  "scale_10k": {"n_samples":10000,"n_features":2,"n_true_clusters":5,"som_grid":"10x10","som":{"fit_time_s":1.9445,"predict_time_s":0.003177,"n_neurons":100,"silhouette":null,"davies_bouldin":0.912242,"calinski_harabasz":48174.576695,"dunn":null},"kmeans":{"fit_time_s":0.0090,"predict_time_s":0.000336,"inertia":437.5241,"silhouette":null,"davies_bouldin":0.377955,"calinski_harabasz":111723.539869,"dunn":null}},