{
  "s1": {"n_samples":4995,"n_features":2,"n_true_clusters":15,"som_grid":"8x8","som":{"fit_time_s":0.5530,"predict_time_s":0.000536,"n_neurons":64,"silhouette":0.289378,"davies_bouldin":0.946534,"calinski_harabasz":11392.050958,"dunn":0.004449},"kmeans":{"fit_time_s":0.0051,"predict_time_s":0.000114,"inertia":168.3401,"silhouette":0.632107,"davies_bouldin":0.470282,"calinski_harabasz":20753.851237,"dunn":0.011121}},
  "s2": {"n_samples":4995,"n_features":2,"n_true_clusters":15,"som_grid":"8x8","som":{"fit_time_s":0.5325,"predict_time_s":0.000443,"n_neurons":64,"silhouette":0.304781,"davies_bouldin":0.906010,"calinski_harabasz":4422.886274,"dunn":0.006547},"kmeans":{"fit_time_s":0.0117,"predict_time_s":0.000130,"inertia":592.8859,"silhouette":0.362719,"davies_bouldin":0.884844,"calinski_harabasz":5637.995012,"dunn":0.006340}},
  "s3": {"n_samples":4995,"n_features":2,"n_true_clusters":15,"som_grid":"8x8","som":{"fit_time_s":0.5188,"predict_time_s":0.000436,"n_neurons":64,"silhouette":0.293092,"davies_bouldin":0.895528,"calinski_harabasz":3432.741189,"dunn":0.003656},"kmeans":{"fit_time_s":0.0207,"predict_time_s":0.000136,"inertia":813.5021,"silhouette":0.330142,"davies_bouldin":0.850117,"calinski_harabasz":4012.542146,"dunn":0.004326}},
  "s4": {"n_samples":4995,"n_features":2,"n_true_clusters":15,"som_grid":"8x8","som":{"fit_time_s":0.5004,"predict_time_s":0.000508,"n_neurons":64,"silhouette":0.291829,"davies_bouldin":0.902112,"calinski_harabasz":2952.877479,"dunn":0.005627},"kmeans":{"fit_time_s":0.0237,"predict_time_s":0.000143,"inertia":911.2873,"silhouette":0.323759,"davies_bouldin":0.837075,"calinski_harabasz":3543.808817,"dunn":0.003235}},
  "a1": {"n_samples":3000,"n_features":2,"n_true_clusters":20,"som_grid":"9x9","som":{"fit_time_s":0.3328,"predict_time_s":0.000368,"n_neurons":81,"silhouette":0.294110,"davies_bouldin":1.052586,"calinski_harabasz":4515.923830,"dunn":0.004940},"kmeans":{"fit_time_s":0.0035,"predict_time_s":0.000076,"inertia":107.6896,"silhouette":0.618410,"davies_bouldin":0.482489,"calinski_harabasz":8581.726484,"dunn":0.038065}},
  "a2": {"n_samples":5250,"n_features":2,"n_true_clusters":35,"som_grid":"12x12","som":{"fit_time_s":0.7278,"predict_time_s":0.001344,"n_neurons":144,"silhouette":0.304362,"davies_bouldin":0.926212,"calinski_harabasz":5609.405352,"dunn":0.011707},"kmeans":{"fit_time_s":0.0142,"predict_time_s":0.000236,"inertia":216.6403,"silhouette":0.445970,"davies_bouldin":0.665987,"calinski_harabasz":7280.666458,"dunn":0.016537}},
  "a3": {"n_samples":7500,"n_features":2,"n_true_clusters":50,"som_grid":"15x15","som":{"fit_time_s":1.3152,"predict_time_s":0.003024,"n_neurons":225,"silhouette":0.302340,"davies_bouldin":0.873084,"calinski_harabasz":6919.047628,"dunn":0.006820},"kmeans":{"fit_time_s":0.0525,"predict_time_s":0.000387,"inertia":273.5047,"silhouette":0.357659,"davies_bouldin":0.805305,"calinski_harabasz":8186.434613,"dunn":0.008103}},
  "moons": {"n_samples":300,"n_features":2,"n_true_clusters":2,"som_grid":"5x5","som":{"fit_time_s":0.0337,"predict_time_s":0.000024,"n_neurons":25,"silhouette":0.351072,"davies_bouldin":0.753736,"calinski_harabasz":571.439361,"dunn":0.010359},"kmeans":{"fit_time_s":0.0001,"predict_time_s":0.000003,"inertia":250.9258,"silhouette":0.493630,"davies_bouldin":0.805568,"calinski_harabasz":414.561161,"dunn":0.042859}},
  "circles": {"n_samples":300,"n_features":2,"n_true_clusters":2,"som_grid":"5x5","som":{"fit_time_s":0.0342,"predict_time_s":0.000019,"n_neurons":25,"silhouette":0.433963,"davies_bouldin":0.610773,"calinski_harabasz":500.238765,"dunn":0.077294},"kmeans":{"fit_time_s":0.0001,"predict_time_s":0.000003,"inertia":395.0184,"silhouette":0.322394,"davies_bouldin":1.237461,"calinski_harabasz":154.637091,"dunn":0.015685}},
  "spiral": {"n_samples":300,"n_features":2,"n_true_clusters":3,"som_grid":"5x5","som":{"fit_time_s":0.0341,"predict_time_s":0.000013,"n_neurons":25,"silhouette":0.279978,"davies_bouldin":0.950228,"calinski_harabasz":176.718284,"dunn":0.025053},"kmeans":{"fit_time_s":0.0001,"predict_time_s":0.000003,"inertia":278.4976,"silhouette":0.303145,"davies_bouldin":1.015150,"calinski_harabasz":171.430951,"dunn":0.022946}},
  "anisotropic": {"n_samples":300,"n_features":2,"n_true_clusters":3,"som_grid":"5x5","som":{"fit_time_s":0.0371,"predict_time_s":0.000022,"n_neurons":25,"silhouette":0.342245,"davies_bouldin":0.833368,"calinski_harabasz":3362.101550,"dunn":0.035377},"kmeans":{"fit_time_s":0.0001,"predict_time_s":0.000004,"inertia":27.4538,"silhouette":0.739880,"davies_bouldin":0.374972,"calinski_harabasz":3096.949054,"dunn":0.300689}},
  "varied_density": {"n_samples":1000,"n_features":2,"n_true_clusters":3,"som_grid":"5x5","som":{"fit_time_s":0.1233,"predict_time_s":0.000057,"n_neurons":25,"silhouette":0.348941,"davies_bouldin":0.899725,"calinski_harabasz":876.226574,"dunn":0.013183},"kmeans":{"fit_time_s":0.0005,"predict_time_s":0.000011,"inertia":680.6695,"silhouette":0.452888,"davies_bouldin":0.749651,"calinski_harabasz":966.234399,"dunn":0.010587}},
  "iris": {"n_samples":150,"n_features":4,"n_true_clusters":3,"som_grid":"5x5","som":{"fit_time_s":0.0170,"predict_time_s":0.000011,"n_neurons":25,"silhouette":0.209842,"davies_bouldin":1.128613,"calinski_harabasz":101.831963,"dunn":0.043039},"kmeans":{"fit_time_s":0.0001,"predict_time_s":0.000002,"inertia":140.9015,"silhouette":0.456535,"davies_bouldin":0.827512,"calinski_harabasz":239.484532,"dunn":0.077878}},
  "wine": {"n_samples":178,"n_features":13,"n_true_clusters":3,"som_grid":"5x5","som":{"fit_time_s":0.0219,"predict_time_s":0.000025,"n_neurons":25,"silhouette":0.083522,"davies_bouldin":1.756790,"calinski_harabasz":17.723233,"dunn":0.186794},"kmeans":{"fit_time_s":0.0001,"predict_time_s":0.000003,"inertia":1279.9662,"silhouette":0.284421,"davies_bouldin":1.393801,"calinski_harabasz":70.687777,"dunn":0.176897}},
  "breast_cancer": {"n_samples":569,"n_features":30,"n_true_clusters":2,"som_grid":"6x6","som":{"fit_time_s":0.0995,"predict_time_s":0.000062,"n_neurons":36,"silhouette":0.021271,"davies_bouldin":2.180899,"calinski_harabasz":35.344859,"dunn":0.067804},"kmeans":{"fit_time_s":0.0005,"predict_time_s":0.000013,"inertia":11595.6833,"silhouette":0.344734,"davies_bouldin":1.309289,"calinski_harabasz":267.680436,"dunn":0.060763}},
  "digits": {"n_samples":500,"n_features":64,"n_true_clusters":10,"som_grid":"8x8","som":{"fit_time_s":0.1287,"predict_time_s":0.000142,"n_neurons":64,"silhouette":0.083892,"davies_bouldin":1.771839,"calinski_harabasz":15.359455,"dunn":0.109337},"kmeans":{"fit_time_s":0.0021,"predict_time_s":0.000047,"inertia":17428.1518,"silhouette":0.145809,"davies_bouldin":1.417018,"calinski_harabasz":33.025785,"dunn":0.153236}},
  "scale_1k": {"n_samples":1000,"n_features":2,"n_true_clusters":5,"som_grid":"10x10","som":{"fit_time_s":0.2647,"predict_time_s":0.000150,"n_neurons":100,"silhouette":0.254824,"davies_bouldin":0.966026,"calinski_harabasz":4921.339943,"dunn":0.015193},"kmeans":{"fit_time_s":0.0006,"predict_time_s":0.000019,"inertia":42.5246,"silhouette":0.735256,"davies_bouldin":0.366845,"calinski_harabasz":11450.364100,"dunn":0.039291}},
  "scale_5k": {"n_samples":5000,"n_features":2,"n_true_clusters":5,"som_grid":"10x10","som":{"fit_time_s":0.6804,"predict_time_s":0.000839,"n_neurons":100,"silhouette":0.283941,"davies_bouldin":0.904619,"calinski_harabasz":24156.647116,"dunn":0.002815},"kmeans":{"fit_time_s":0.0025,"predict_time_s":0.000093,"inertia":219.3631,"silhouette":0.729824,"davies_bouldin":0.376705,"calinski_harabasz":55677.406283,"dunn":0.012600}},
  "scale_10k": {"n_samples":10000,"n_features":2,"n_true_clusters":5,"som_grid":"10x10","som":{"fit_time_s":1.3737,"predict_time_s":0.001620,"n_neurons":100,"silhouette":null,"davies_bouldin":0.922791,"calinski_harabasz":47332.133632,"dunn":null},"kmeans":{"fit_time_s":0.0070,"predict_time_s":0.000188,"inertia":437.5241,"silhouette":null,"davies_bouldin":0.377955,"calinski_harabasz":111723.539869,"dunn":null}},